City_ID,City,Lat,Lng,Max Temp,Humidity,Cloudiness,Wind Speed,Country,Date
0,Kavieng,-2.5744,150.7967,83.84,72,100,10.51,PG,2022-08-05 00:50:29
1,Port Augusta,-32.5,137.7667,59.0,49,72,21.63,AU,2022-08-05 00:50:29
2,Kapaa,22.0752,-159.319,84.52,68,0,10.36,US,2022-08-05 00:46:40
3,Bardiyah,31.7561,25.0865,76.75,72,0,9.19,LY,2022-08-05 00:50:30
4,Dikson,73.5069,80.5464,42.84,100,100,11.18,RU,2022-08-05 00:45:33
5,Namtsy,62.7161,129.6658,76.21,57,92,8.84,RU,2022-08-05 00:50:31
6,Marondera,-18.1853,31.5519,48.94,74,0,4.85,ZW,2022-08-05 00:50:31
7,Arraial Do Cabo,-22.9661,-42.0278,71.42,83,100,24.16,BR,2022-08-05 00:48:16
8,Cabo San Lucas,22.8909,-109.9124,93.61,68,62,5.77,MX,2022-08-05 00:48:09
9,Busselton,-33.65,115.3333,53.24,71,100,4.63,AU,2022-08-05 00:45:28
10,Egvekinot,66.3167,-179.1667,44.76,91,100,4.72,RU,2022-08-05 00:50:32
11,Port Elizabeth,-33.918,25.5701,55.92,86,100,4.09,ZA,2022-08-05 00:45:32
12,Rikitea,-23.1203,-134.9692,70.65,73,98,20.89,PF,2022-08-05 00:44:20
13,Nikolskoye,59.7035,30.7861,64.29,66,14,4.59,RU,2022-08-05 00:45:36
14,Vaini,-21.2,-175.2,78.96,89,75,11.5,TO,2022-08-05 00:44:09
15,Mataura,-46.1927,168.8643,57.47,67,100,5.48,NZ,2022-08-05 00:44:08
16,Chokurdakh,70.6333,147.9167,52.07,53,100,16.6,RU,2022-08-05 00:45:34
17,Muravlenko,63.7898,74.523,64.27,60,94,8.72,RU,2022-08-05 00:50:33
18,Thompson,55.7435,-97.8558,64.56,45,75,3.44,CA,2022-08-05 00:42:17
19,Plettenberg Bay,-34.0527,23.3716,54.57,87,19,2.04,ZA,2022-08-05 00:50:34
20,Port Alfred,-33.5906,26.891,58.32,84,100,4.23,ZA,2022-08-05 00:45:31
21,Punta Arenas,-53.15,-70.9167,35.71,93,40,5.75,CL,2022-08-05 00:48:06
22,Fortuna,40.5982,-124.1573,72.93,69,0,14.97,US,2022-08-05 00:50:35
23,Victoria,22.2855,114.1577,80.65,93,100,17.0,HK,2022-08-05 00:49:12
24,Cape Town,-33.9258,18.4232,54.27,85,40,8.05,ZA,2022-08-05 00:44:06
25,Kieta,-6.2167,155.6333,85.24,65,77,5.95,PG,2022-08-05 00:50:35
26,Port Hedland,-20.3167,118.5667,68.05,37,0,16.11,AU,2022-08-05 00:50:36
27,Hambantota,6.1241,81.1185,77.34,94,75,5.75,LK,2022-08-05 00:45:27
28,Kapuskasing,49.4169,-82.4331,66.29,63,75,3.44,CA,2022-08-05 00:46:12
29,Sabha,27.0377,14.4283,88.93,20,3,17.98,LY,2022-08-05 00:50:36
30,New Norfolk,-42.7826,147.0587,55.92,67,100,0.34,AU,2022-08-05 00:48:11
31,Kruisfontein,-34.0033,24.7314,51.82,85,100,3.67,ZA,2022-08-05 00:48:40
32,Rovaniemi,66.5,25.7167,60.21,94,100,12.66,FI,2022-08-05 00:50:37
33,Marshall,34.3834,-86.3333,83.39,69,0,3.44,US,2022-08-05 00:49:07
34,Khatanga,71.9667,102.5,57.18,68,100,4.54,RU,2022-08-05 00:46:55
35,Komsomolskiy,40.4272,71.7189,75.4,36,0,0.83,UZ,2022-08-05 00:50:38
36,Hithadhoo,-0.6,73.0833,81.28,65,100,10.38,MV,2022-08-05 00:45:29
37,Grindavik,63.8424,-22.4338,49.95,93,0,8.05,IS,2022-08-05 00:48:16
38,Yantal,56.8471,105.2542,56.84,89,70,6.93,RU,2022-08-05 00:50:38
39,Ugoofaaru,5.6667,73.0,80.65,81,100,20.76,MV,2022-08-05 00:50:39
40,Khanpur,28.6453,70.6567,88.93,57,67,9.31,PK,2022-08-05 00:50:39
41,Tuatapere,-46.1333,167.6833,59.02,60,100,10.83,NZ,2022-08-05 00:49:25
42,Hermanus,-34.4187,19.2345,53.91,75,67,7.11,ZA,2022-08-05 00:44:16
43,Doka,13.5167,35.7667,71.01,93,100,7.83,SD,2022-08-05 00:50:40
44,Lompoc,34.6391,-120.4579,84.69,67,0,16.11,US,2022-08-05 00:50:37
45,Benghazi,32.1167,20.0667,79.88,72,0,8.77,LY,2022-08-05 00:51:41
46,Mar Del Plata,-38.0023,-57.5575,42.1,88,5,1.01,AR,2022-08-05 00:45:32
47,Eureka,40.8021,-124.1637,73.2,73,3,5.99,US,2022-08-05 00:43:29
48,Rundu,-17.9333,19.7667,61.02,45,0,5.88,NA,2022-08-05 00:51:41
49,Boa Vista,2.8197,-60.6733,84.18,65,20,3.44,BR,2022-08-05 00:51:41
50,Dawson,31.7735,-84.4466,86.38,71,69,6.55,US,2022-08-05 00:51:42
51,Ushuaia,-54.8,-68.3,38.86,81,75,0.0,AR,2022-08-05 00:40:31
52,Isangel,-19.55,169.2667,84.31,79,40,4.61,VU,2022-08-05 00:51:42
53,Rio Claro,-22.4114,-47.5614,71.82,43,41,5.01,BR,2022-08-05 00:51:42
54,Constitucion,-35.3333,-72.4167,50.0,86,100,7.02,CL,2022-08-05 00:51:43
55,Linqiong,30.4159,103.4609,78.62,75,0,0.47,CN,2022-08-05 00:48:09
56,Bilibino,68.0546,166.4372,47.79,81,100,13.33,RU,2022-08-05 00:44:16
57,San Roque,36.2107,-5.3842,77.83,83,1,12.66,ES,2022-08-05 00:51:43
58,Chuy,-33.6971,-53.4616,50.25,93,100,15.17,UY,2022-08-05 00:44:17
59,Norman Wells,65.282,-126.8329,75.24,35,20,2.3,CA,2022-08-05 00:51:43
60,Puerto Ayora,-0.7393,-90.3518,69.55,84,36,1.01,EC,2022-08-05 00:46:58
61,Saskylakh,71.9167,114.0833,57.0,61,100,6.73,RU,2022-08-05 00:46:38
62,Ribeira Grande,38.5167,-28.7,75.36,87,10,4.38,PT,2022-08-05 00:51:44
63,Bluff,-46.6,168.3333,57.79,61,100,17.02,NZ,2022-08-05 00:47:02
64,Barrow,71.2906,-156.7887,55.42,76,75,9.22,US,2022-08-05 00:43:49
65,Svetlogorsk,52.6333,29.7333,61.66,94,5,6.49,BY,2022-08-05 00:51:44
66,Xuanhua,40.6103,115.0447,85.14,45,0,3.85,CN,2022-08-05 00:51:44
67,Kloulklubed,7.0419,134.2556,83.34,73,67,8.9,PW,2022-08-05 00:51:45
68,Atuona,-9.8,-139.0333,77.2,72,0,17.0,PF,2022-08-05 00:44:15
69,Imbituba,-28.24,-48.6703,72.86,78,39,7.27,BR,2022-08-05 00:51:45
70,Butaritari,3.0707,172.7902,81.61,75,59,9.28,KI,2022-08-05 00:48:11
71,Kouango,4.9934,19.9619,70.45,98,100,2.53,CF,2022-08-05 00:51:45
72,Airai,-8.9266,125.4092,69.8,55,40,2.37,TL,2022-08-05 00:47:03
73,Sitrah,26.1547,50.6206,93.36,71,99,9.22,BH,2022-08-05 00:51:46
74,Cayenne,4.9333,-52.3333,82.09,11,0,1.01,GF,2022-08-05 00:46:58
75,Codrington,-38.2667,141.9667,53.71,79,93,14.18,AU,2022-08-05 00:51:46
76,Tiksi,71.6872,128.8694,47.25,74,40,4.23,RU,2022-08-05 00:46:41
77,Lebu,-37.6167,-73.65,48.58,75,100,7.43,CL,2022-08-05 00:46:54
78,Muros,42.7762,-9.0603,70.09,68,39,15.77,ES,2022-08-05 00:51:47
79,Bengkulu,-3.8004,102.2655,76.3,86,98,3.47,ID,2022-08-05 00:49:20
80,San Patricio,28.017,-97.5169,89.69,64,5,16.44,US,2022-08-05 00:51:47
81,Carnarvon,-24.8667,113.6333,60.91,52,0,13.2,AU,2022-08-05 00:48:17
82,Albany,42.6001,-73.9662,72.36,93,100,0.13,US,2022-08-05 00:39:50
83,Cherskiy,68.75,161.3,48.54,65,100,13.56,RU,2022-08-05 00:44:12
84,Severo-Kurilsk,50.6789,156.125,57.11,80,22,8.79,RU,2022-08-05 00:51:47
85,Petrolina,-9.3986,-40.5008,77.05,69,75,14.65,BR,2022-08-05 00:48:28
86,Mpika,-11.8343,31.4529,50.77,80,0,3.78,ZM,2022-08-05 00:51:48
87,Upernavik,72.7868,-56.1549,43.3,96,100,16.24,GL,2022-08-05 00:49:22
88,East London,-33.0153,27.9116,62.94,74,100,1.07,ZA,2022-08-05 00:44:23
89,Sioux Lookout,50.1001,-91.917,71.67,49,20,4.61,CA,2022-08-05 00:52:48
90,Krasnaya Gora,52.9995,31.6023,62.11,95,13,7.11,RU,2022-08-05 00:52:48
91,Caravelas,-17.7125,-39.2481,69.46,83,93,6.24,BR,2022-08-05 00:52:49
92,Ossora,59.2353,163.0719,64.09,68,48,6.2,RU,2022-08-05 00:52:49
93,Mpulungu,-8.7623,31.1141,67.62,58,4,8.37,ZM,2022-08-05 00:52:49
94,Trairi,-3.2778,-39.2689,76.3,84,12,7.65,BR,2022-08-05 00:47:58
95,Faanui,-16.4833,-151.75,77.83,77,23,23.67,PF,2022-08-05 00:46:40
96,Codajas,-3.8367,-62.0569,76.44,84,50,1.81,BR,2022-08-05 00:52:50
97,Sept-Iles,50.2001,-66.3821,62.06,97,100,4.61,CA,2022-08-05 00:52:50
98,Luderitz,-26.6481,15.1594,55.06,78,5,9.89,NA,2022-08-05 00:46:56
99,Caibarien,22.5206,-79.4669,81.82,78,6,14.74,CU,2022-08-05 00:52:50
100,Manjeri,11.1167,76.1167,72.28,94,100,4.61,IN,2022-08-05 00:52:51
101,Sogne,58.0833,7.8167,55.26,87,100,1.01,NO,2022-08-05 00:52:51
102,Kamina,-8.7386,24.9906,63.23,44,0,4.12,CD,2022-08-05 00:52:51
103,Nanortalik,60.1432,-45.2371,45.0,88,100,5.19,GL,2022-08-05 00:52:52
104,Kaitangata,-46.2817,169.8464,55.27,58,100,9.28,NZ,2022-08-05 00:52:52
105,Havre-Saint-Pierre,50.2334,-63.5986,62.96,88,100,2.3,CA,2022-08-05 00:52:52
106,Jamestown,42.097,-79.2353,76.64,59,75,5.75,US,2022-08-05 00:44:08
107,Anloga,5.7947,0.8973,74.39,80,100,9.44,GH,2022-08-05 00:52:53
108,Lewisporte,49.2499,-55.0482,74.91,64,100,6.51,CA,2022-08-05 00:52:53
109,Lagoa,39.05,-27.9833,74.5,85,0,3.49,PT,2022-08-05 00:44:20
110,Mount Gambier,-37.8333,140.7667,52.83,79,100,8.16,AU,2022-08-05 00:52:53
111,Sunrise Manor,36.2111,-115.0731,94.51,38,40,13.8,US,2022-08-05 00:52:54
112,Bathsheba,13.2167,-59.5167,83.01,92,40,16.11,BB,2022-08-05 00:52:54
113,Lumberton,34.6182,-79.0086,84.29,79,56,9.17,US,2022-08-05 00:52:50
114,Port Blair,11.6667,92.75,80.64,83,100,9.22,IN,2022-08-05 00:52:54
115,Wattegama,6.7989,81.4808,75.74,77,100,7.16,LK,2022-08-05 00:52:54
116,Veraval,20.9,70.3667,81.68,82,100,6.4,IN,2022-08-05 00:52:55
117,Stornoway,58.2093,-6.3865,48.92,91,94,3.44,GB,2022-08-05 00:52:55
118,Provideniya,64.3833,-173.3,48.36,100,100,7.0,RU,2022-08-05 00:52:55
119,Haines Junction,60.7522,-137.5108,73.35,43,33,10.36,CA,2022-08-05 00:52:56
120,Wanning,18.8003,110.3967,83.01,82,100,8.05,CN,2022-08-05 00:52:56
121,Qaanaaq,77.484,-69.3632,42.93,58,0,4.88,GL,2022-08-05 00:45:35
122,Guilin,25.2819,110.2864,77.11,84,66,1.41,CN,2022-08-05 00:52:56
123,Soldotna,60.4878,-151.0583,68.95,65,0,13.8,US,2022-08-05 00:52:57
124,Avera,33.194,-82.5271,85.55,65,6,6.24,US,2022-08-05 00:45:24
125,Saint-Joseph,-21.3667,55.6167,64.2,77,28,11.36,RE,2022-08-05 00:52:57
126,Muniz Freire,-20.4642,-41.4131,64.69,66,90,4.94,BR,2022-08-05 00:52:57
127,Mae Sai,20.4335,99.8762,75.33,96,100,1.63,TH,2022-08-05 00:52:57
128,Qitaihe,45.8,130.85,76.3,88,100,8.5,CN,2022-08-05 00:52:58
129,Praia Da Vitoria,38.7333,-27.0667,75.76,94,40,2.98,PT,2022-08-05 00:52:58
130,Dabhol,17.6,73.1667,76.82,89,100,3.27,IN,2022-08-05 00:52:58
131,Vuktyl,63.8567,57.3094,58.66,74,100,2.04,RU,2022-08-05 00:52:59
132,Saint-Philippe,-21.3585,55.7679,65.21,78,33,12.53,RE,2022-08-05 00:44:10
133,Port Lincoln,-34.7333,135.8667,56.41,63,3,19.84,AU,2022-08-05 00:49:49
134,Ewa Beach,21.3156,-158.0072,87.75,60,0,17.27,US,2022-08-05 00:52:59
135,Winnemucca,40.973,-117.7357,96.85,17,0,10.36,US,2022-08-05 00:53:59
136,Port Macquarie,-31.4333,152.9167,65.89,82,100,8.88,AU,2022-08-05 00:53:59
137,Boende,-0.2167,20.8667,72.14,93,65,2.66,CD,2022-08-05 00:54:00
138,Kissidougou,9.1848,-10.0999,68.58,99,100,4.65,GN,2022-08-05 00:54:00
139,Inirida,3.8653,-67.9239,74.46,92,88,3.18,CO,2022-08-05 00:54:00
140,Pevek,69.7008,170.3133,37.78,88,100,2.68,RU,2022-08-05 00:48:18
141,Necochea,-38.5473,-58.7368,43.84,89,37,9.6,AR,2022-08-05 00:53:21
142,Ust-Kulom,61.6864,53.6902,57.43,79,45,3.74,RU,2022-08-05 00:54:01
143,Bambous Virieux,-20.3428,57.7575,65.21,74,52,16.69,MU,2022-08-05 00:48:13
144,La Palma,33.8464,-118.0467,88.5,65,75,8.05,US,2022-08-05 00:54:02
145,Bara,10.3744,10.7288,72.43,79,99,4.92,NG,2022-08-05 00:54:02
146,Ambilobe,-13.2,49.05,63.18,73,42,4.32,MG,2022-08-05 00:54:02
147,Hilo,19.7297,-155.09,86.29,72,40,9.22,US,2022-08-05 00:44:12
148,Krasnogorskoye,52.2953,86.1979,54.79,76,5,2.35,RU,2022-08-05 00:54:03
149,Pangnirtung,66.1451,-65.7125,44.19,85,100,2.42,CA,2022-08-05 00:54:04
150,Matagami,49.7502,-77.6328,62.71,63,0,2.3,CA,2022-08-05 00:54:05
151,Kollam,8.8833,76.6,76.55,88,100,11.88,IN,2022-08-05 00:54:05
152,Togur,58.3631,82.8265,58.64,71,58,5.99,RU,2022-08-05 00:54:06
153,Dinard,48.6314,-2.0614,61.18,77,0,10.36,FR,2022-08-05 00:54:06
154,Sosnovo-Ozerskoye,52.5249,111.5418,63.03,56,100,11.01,RU,2022-08-05 00:54:06
155,Kuala Kangsar,4.7667,100.9333,78.73,86,97,1.36,MY,2022-08-05 00:54:07
156,Miri,4.4148,114.0089,78.94,89,40,4.61,MY,2022-08-05 00:54:07
157,Tura,25.5198,90.2201,78.22,88,61,2.15,IN,2022-08-05 00:54:07
158,Vestmannaeyjar,63.4427,-20.2734,50.25,76,7,15.7,IS,2022-08-05 00:54:08
159,Labuhan,-6.8844,112.2051,78.4,71,10,9.4,ID,2022-08-05 00:54:08
160,Alofi,-19.0595,-169.9187,82.29,61,75,16.11,NU,2022-08-05 00:45:35
161,Roanoke Rapids,36.4615,-77.6542,80.35,94,77,0.0,US,2022-08-05 00:51:32
162,Hamilton,39.1834,-84.5333,75.74,90,100,1.99,US,2022-08-05 00:54:09
163,Bredasdorp,-34.5322,20.0403,48.42,90,100,4.9,ZA,2022-08-05 00:54:09
164,Mehamn,71.0357,27.8492,51.75,87,11,2.3,NO,2022-08-05 00:54:10
165,Valdivia,-39.8142,-73.2459,44.69,94,100,0.18,CL,2022-08-05 00:54:10
166,Portadown,54.4241,-6.4412,53.42,94,52,7.87,GB,2022-08-05 00:54:10
167,Kaspiysk,42.8816,47.6392,69.98,56,2,6.71,RU,2022-08-05 00:54:11
168,Kenai,60.5544,-151.2583,69.03,70,0,8.05,US,2022-08-05 00:54:11
169,Mahebourg,-20.4081,57.7,65.25,73,37,16.35,MU,2022-08-05 00:54:11
170,Juneau,58.3019,-134.4197,63.1,100,100,1.14,US,2022-08-05 00:53:08
171,Chitungwiza,-18.0127,31.0756,52.45,66,0,7.0,ZW,2022-08-05 00:54:12
172,Bhatkal,13.9667,74.5667,78.13,90,100,11.77,IN,2022-08-05 00:54:12
173,Waw,7.7029,27.9953,69.6,96,100,4.03,SS,2022-08-05 00:54:12
174,Udachnyy,66.4167,112.4,46.45,93,100,7.05,RU,2022-08-05 00:54:13
175,College,64.8569,-147.8028,79.12,44,40,8.05,US,2022-08-05 00:44:04
176,Lexington,37.9887,-84.4777,76.93,86,20,9.22,US,2022-08-05 00:53:59
177,Hobart,-42.8794,147.3294,56.26,76,75,1.01,AU,2022-08-05 00:48:08
178,Mercedes,-34.6515,-59.4307,44.04,56,0,2.8,AR,2022-08-05 00:54:14
179,Khromtau,50.2503,58.4347,61.77,60,94,9.98,KZ,2022-08-05 00:54:14
180,Bonthe,7.5264,-12.505,76.28,87,100,9.46,SL,2022-08-05 00:54:14
181,Polovinnoye,54.7914,65.9864,59.88,87,9,4.63,RU,2022-08-05 00:55:15
182,Ancud,-41.8697,-73.8203,40.23,79,49,2.91,CL,2022-08-05 00:55:15
183,Narsaq,60.9167,-46.05,45.32,88,100,3.67,GL,2022-08-05 00:55:16
184,Lanja,16.85,73.55,75.92,92,100,1.57,IN,2022-08-05 00:55:16
185,Sooke,48.3746,-123.7276,68.5,56,31,8.55,CA,2022-08-05 00:55:16
186,Hay River,60.8156,-115.7999,64.38,39,20,5.75,CA,2022-08-05 00:55:17
187,Sepolno Krajenskie,53.452,17.5317,72.88,61,6,8.61,PL,2022-08-05 00:55:17
188,Whitecourt,54.1502,-115.6855,60.04,72,75,20.71,CA,2022-08-05 00:55:18
189,Comodoro Rivadavia,-45.8667,-67.5,46.26,53,0,16.11,AR,2022-08-05 00:54:27
190,Nouadhibou,20.931,-17.0347,75.18,78,47,10.36,MR,2022-08-05 00:55:18
191,Les Cayes,18.2,-73.75,79.75,78,81,3.18,HT,2022-08-05 00:55:19
192,Nome,64.5011,-165.4064,54.16,85,100,9.06,US,2022-08-05 00:55:19
193,Ponta Do Sol,32.6667,-17.1,72.23,81,19,6.78,PT,2022-08-05 00:47:00
194,Namwala,-15.7504,26.4384,59.38,59,0,3.85,ZM,2022-08-05 00:55:19
195,High Level,58.5169,-117.136,68.11,52,75,3.44,CA,2022-08-05 00:55:20
196,Tuktoyaktuk,69.4541,-133.0374,69.8,52,75,5.75,CA,2022-08-05 00:45:29
197,Kodiak,57.79,-152.4072,56.71,88,100,6.91,US,2022-08-05 00:55:20
198,Tasiilaq,65.6145,-37.6368,37.6,84,100,2.75,GL,2022-08-05 00:55:21
199,Verkhoyansk,67.5447,133.385,57.78,53,100,5.88,RU,2022-08-05 00:55:21
200,Fort Thomas,39.0751,-84.4472,75.78,90,100,1.99,US,2022-08-05 00:55:22
201,Vao,-22.6667,167.4833,72.05,80,16,11.7,NC,2022-08-05 00:55:22
202,Ziro,27.6333,93.8333,61.54,97,100,1.12,IN,2022-08-05 00:55:22
203,Ola,59.5833,151.2833,62.15,89,100,10.92,RU,2022-08-05 00:55:23
204,Faya,18.3851,42.4509,64.51,66,100,3.76,SA,2022-08-05 00:55:23
205,Atar,20.5169,-13.0499,87.24,44,0,10.47,MR,2022-08-05 00:55:23
206,Ballina,-28.8667,153.5667,73.02,76,35,5.99,AU,2022-08-05 00:55:24
207,Avarua,-21.2078,-159.775,77.05,73,75,18.41,CK,2022-08-05 00:55:25
208,Ahipara,-35.1667,173.1667,61.99,57,12,3.85,NZ,2022-08-05 00:55:26
209,Borovskoy,53.8,64.15,59.23,83,8,6.78,KZ,2022-08-05 00:55:26
210,Brigantine,39.4101,-74.3646,83.03,84,11,13.58,US,2022-08-05 00:55:26
211,Sao Joao Da Barra,-21.6403,-41.0511,72.09,83,90,21.54,BR,2022-08-05 00:55:27
212,Qaqortoq,60.7167,-46.0333,46.29,86,100,4.83,GL,2022-08-05 00:55:27
213,Ambovombe,-25.1667,46.0833,69.06,65,98,5.39,MG,2022-08-05 00:55:27
214,Abha,18.2164,42.5053,64.22,77,40,5.75,SA,2022-08-05 00:55:28
215,Shingu,33.7333,135.9833,88.07,60,5,4.83,JP,2022-08-05 00:55:28
216,Markala,13.7021,-6.0659,79.81,70,100,8.43,ML,2022-08-05 00:55:29
217,Port Moresby,-9.4431,147.1797,83.62,79,40,8.05,PG,2022-08-05 00:55:29
218,Quang Ngai,15.1167,108.8,81.01,78,100,4.54,VN,2022-08-05 00:53:23
219,Guerrero Negro,27.9769,-114.0611,74.08,70,0,19.89,MX,2022-08-05 00:53:28
220,Avon Park,27.5959,-81.5062,84.18,76,4,11.36,US,2022-08-05 00:55:30
221,Naze,28.3667,129.4833,83.32,73,13,7.38,JP,2022-08-05 00:55:30
222,Voyvozh,62.892,54.9635,57.02,81,85,3.94,RU,2022-08-05 00:55:31
223,Noyabrsk,63.1994,75.4507,64.08,58,94,8.86,RU,2022-08-05 00:56:31
224,Rawson,-43.3002,-65.1023,43.41,55,1,23.4,AR,2022-08-05 00:56:31
225,Pundaguitan,6.3711,126.1689,80.74,77,100,1.68,PH,2022-08-05 00:56:32
226,Maneadero,31.7167,-116.5667,73.09,81,87,3.0,MX,2022-08-05 00:56:32
227,Wajima,37.4,136.9,81.28,89,75,3.44,JP,2022-08-05 00:56:32
228,Balkhash,46.844,74.9804,61.41,94,40,15.66,KZ,2022-08-05 00:56:33
229,Andenes,69.3143,16.1194,53.92,87,100,9.22,NO,2022-08-05 00:56:33
230,Yeppoon,-23.1333,150.7333,69.58,72,1,8.23,AU,2022-08-05 00:56:33
231,Sorland,67.667,12.6934,49.86,88,100,23.4,NO,2022-08-05 00:56:33
232,Gumla,23.05,84.55,76.08,87,20,2.08,IN,2022-08-05 00:56:34
233,Hami,42.8,93.45,89.13,22,100,16.04,CN,2022-08-05 00:56:34
234,Harper,4.375,-7.7169,73.74,79,8,8.23,LR,2022-08-05 00:56:35
235,Yellowknife,62.456,-114.3525,63.12,55,75,11.5,CA,2022-08-05 00:46:41
236,Shache,38.4167,77.2406,74.71,57,99,5.79,CN,2022-08-05 00:56:35
237,Yumen,40.2833,97.2,81.57,22,84,13.82,CN,2022-08-05 00:48:15
238,Katsuura,35.1333,140.3,77.02,74,100,12.41,JP,2022-08-05 00:56:35
239,Makakilo City,21.3469,-158.0858,83.61,61,50,4.85,US,2022-08-05 00:56:21
240,Rio Branco,-9.9747,-67.81,75.81,94,40,0.0,BR,2022-08-05 00:56:35
241,Chadiza,-14.0678,32.4392,57.06,66,0,2.95,ZM,2022-08-05 00:56:36
242,Limbazi,57.5129,24.7194,62.04,85,53,5.68,LV,2022-08-05 00:56:36
243,Kayerkan,69.3497,87.7602,62.53,67,92,8.28,RU,2022-08-05 00:56:37
244,Krivosheino,57.3431,83.9261,56.95,74,0,5.88,RU,2022-08-05 00:56:37
245,Suntar,62.1444,117.6319,53.11,83,100,8.08,RU,2022-08-05 00:56:37
246,Dori,14.0354,-0.0345,75.9,72,100,11.41,BF,2022-08-05 00:56:37
247,Carutapera,-1.195,-46.02,74.41,95,100,5.86,BR,2022-08-05 00:56:38
248,Ostrovnoy,68.0531,39.5131,58.93,95,89,15.93,RU,2022-08-05 00:49:31
249,Finschhafen,-6.6024,147.8681,84.74,67,42,9.82,PG,2022-08-05 00:56:38
250,Georgetown,5.4112,100.3354,82.89,94,20,1.14,MY,2022-08-05 00:55:19
251,Stuttgart,48.7823,9.177,76.53,73,0,2.3,DE,2022-08-05 00:56:05
252,Pechenga,69.5259,31.1703,52.5,92,8,2.15,RU,2022-08-05 00:56:39
253,Roald,62.5833,6.1333,55.76,76,40,9.22,NO,2022-08-05 00:56:39
254,Kukuna,9.4,-12.6667,73.54,98,100,2.93,SL,2022-08-05 00:56:39
255,Panorama,40.5878,23.0315,77.38,54,20,5.75,GR,2022-08-05 00:56:40
256,Safaga,26.7292,33.9365,90.03,44,15,5.53,EG,2022-08-05 00:56:40
257,Yerofey Pavlovich,53.9667,121.9667,63.97,96,100,3.29,RU,2022-08-05 00:56:40
258,Dzilam Gonzalez,21.2833,-88.9333,80.42,74,66,7.63,MX,2022-08-05 00:56:40
259,Rio Grande,-32.035,-52.0986,57.31,94,100,23.17,BR,2022-08-05 00:56:41
260,Gambela,8.25,34.5833,69.08,95,84,2.39,ET,2022-08-05 00:56:41
261,Phichit,16.25,100.4167,78.31,86,100,1.63,TH,2022-08-05 00:56:41
262,San Ignacio,17.1561,-89.0714,75.34,94,0,4.61,BZ,2022-08-05 00:56:42
263,Araouane,18.9048,-3.5265,95.83,29,6,12.26,ML,2022-08-05 00:56:42
264,Karachi,24.9056,67.0822,82.22,83,75,4.61,PK,2022-08-05 00:56:42
265,Saint-Pierre,-21.3393,55.4781,65.91,73,0,4.61,RE,2022-08-05 00:56:43
266,Boyolangu,-8.1181,111.8935,75.83,80,14,4.03,ID,2022-08-05 00:56:43
267,Highland Park,42.1817,-87.8003,76.46,79,2,1.01,US,2022-08-05 00:56:43
268,Belaya Gora,68.5333,146.4167,57.56,46,23,8.75,RU,2022-08-05 00:56:44
269,Mnogovershinnyy,53.9353,139.9242,59.43,95,100,1.9,RU,2022-08-05 00:56:44
270,Slave Lake,55.2834,-114.769,55.38,94,100,12.66,CA,2022-08-05 00:57:44
271,Gubkin,51.2817,37.5458,63.3,82,27,8.08,RU,2022-08-05 00:57:45
272,Bodden Town,19.2833,-81.25,86.0,70,20,9.22,KY,2022-08-05 00:57:45
273,Yoichi,43.2039,140.7703,72.41,62,9,4.79,JP,2022-08-05 00:57:45
274,Bethanien,-26.502,17.1583,52.99,53,0,2.26,NA,2022-08-05 00:57:46
275,Skjervoy,70.0311,20.9714,55.4,83,13,9.04,NO,2022-08-05 00:57:46
276,Payson,40.0444,-111.7321,91.9,29,63,3.0,US,2022-08-05 00:57:46
277,Bogoslovka,53.2084,44.8013,69.17,70,100,5.7,RU,2022-08-05 00:57:47
278,Nikolayevsk-Na-Amure,53.1406,140.73,67.64,81,100,2.62,RU,2022-08-05 00:57:47
279,Puerto Del Rosario,28.5004,-13.8627,71.35,88,20,18.41,ES,2022-08-05 00:57:48
280,Kalmunai,7.4167,81.8167,78.69,73,100,7.38,LK,2022-08-05 00:57:48
281,Olafsvik,64.8945,-23.7142,49.03,69,100,4.21,IS,2022-08-05 00:57:49
282,Cidreira,-30.1811,-50.2056,58.24,92,67,21.23,BR,2022-08-05 00:57:49
283,Sheridan,44.8333,-106.9173,92.7,28,95,1.01,US,2022-08-05 00:57:50
284,Along,28.1667,94.7667,76.96,97,100,0.56,IN,2022-08-05 00:57:50
285,Dodola,6.9833,39.1833,53.13,92,83,3.38,ET,2022-08-05 00:57:50
286,Pelym,61.0108,61.9978,62.28,70,70,3.91,RU,2022-08-05 00:57:50
287,Kushmurun,52.4503,64.6311,61.12,74,5,8.3,KZ,2022-08-05 00:57:51
288,Baruun-Urt,46.6806,113.2792,71.51,51,7,10.65,MN,2022-08-05 00:57:51
289,Warri,5.5167,5.75,74.07,81,100,5.95,NG,2022-08-05 00:54:16
290,Thongwa,16.7619,96.5278,77.16,90,100,6.24,MM,2022-08-05 00:57:51
291,Korla,41.7597,86.1469,84.07,33,0,2.57,CN,2022-08-05 00:57:51
292,Dekar,-21.5333,21.9333,54.81,32,0,7.07,BW,2022-08-05 00:57:52
293,Portland,45.5234,-122.6762,78.28,49,40,9.22,US,2022-08-05 00:52:59
294,Noumea,-22.2763,166.4572,80.58,99,46,12.48,NC,2022-08-05 00:57:52
295,Hasaki,35.7333,140.8333,77.4,78,100,14.92,JP,2022-08-05 00:57:52
296,Bluefields,12.0137,-83.7635,74.19,92,98,6.4,NI,2022-08-05 00:57:53
297,Isernia,41.6002,14.2382,69.53,62,0,2.46,IT,2022-08-05 00:57:53
298,Thiruvananthapuram,8.4833,76.9167,76.98,94,75,6.91,IN,2022-08-05 00:57:30
299,Runcu,45.1167,23.1333,67.1,54,1,3.78,RO,2022-08-05 00:57:53
300,Lavrentiya,65.5833,-171.0,46.27,98,100,5.97,RU,2022-08-05 00:57:53
301,Srednekolymsk,67.45,153.6833,55.87,43,57,6.69,RU,2022-08-05 00:57:54
302,Kumluca,36.3703,30.2869,81.91,69,0,2.42,TR,2022-08-05 00:57:54
303,Romny,50.751,33.4747,62.98,96,63,9.35,UA,2022-08-05 00:57:54
304,Aklavik,68.2191,-135.0107,72.66,42,89,4.41,CA,2022-08-05 00:57:55
305,Elizabeth City,36.2946,-76.2511,83.01,88,40,4.61,US,2022-08-05 00:57:55
306,Huarmey,-10.0681,-78.1522,62.71,84,57,10.33,PE,2022-08-05 00:57:55
307,Realeza,-25.7689,-53.5325,59.38,93,63,7.36,BR,2022-08-05 00:57:56
308,Palmer,42.1584,-72.3287,82.51,74,1,5.06,US,2022-08-05 00:57:56
309,Kasauli,30.8989,76.9647,61.92,88,92,3.96,IN,2022-08-05 00:57:56
310,San Rafael Del Sur,11.8485,-86.4384,81.57,69,100,13.02,NI,2022-08-05 00:57:57
311,Lasa,46.6166,10.7002,66.36,87,19,1.81,IT,2022-08-05 00:57:57
312,Grivenskaya,45.6473,38.176,72.16,72,96,4.14,RU,2022-08-05 00:57:57
313,Sassandra,4.95,-6.0833,73.06,80,98,5.75,CI,2022-08-05 00:57:57
314,Pombia,45.653,8.6336,80.02,67,0,5.75,IT,2022-08-05 00:57:58
315,Letlhakane,-21.4167,25.5833,60.73,42,0,4.41,BW,2022-08-05 00:57:58
316,Margate,51.3813,1.3862,65.7,81,21,1.99,GB,2022-08-05 00:47:38
317,Vestmanna,62.1564,-7.1664,47.32,87,100,14.97,FO,2022-08-05 00:58:58
318,Buala,-8.145,159.5921,85.55,63,13,8.57,SB,2022-08-05 00:58:59
319,Esperance,-33.8667,121.9,48.04,72,98,16.13,AU,2022-08-05 00:49:20
320,Oranjestad,12.524,-70.027,80.83,85,100,22.97,AW,2022-08-05 00:57:16
321,Tarko-Sale,64.9225,77.785,65.07,71,57,11.48,RU,2022-08-05 00:58:59
322,Ilulissat,69.2167,-51.1,38.88,97,100,3.56,GL,2022-08-05 00:58:59
323,Nelson Bay,-32.7167,152.15,64.0,97,100,1.01,AU,2022-08-05 00:54:06
324,Lorengau,-2.0226,147.2712,84.51,73,100,8.23,PG,2022-08-05 00:59:00
325,Kyshtovka,56.555,76.6271,58.6,78,58,3.42,RU,2022-08-05 00:59:00
326,Bowen,-20.0167,148.2333,69.51,83,3,5.14,AU,2022-08-05 00:59:00
327,Souillac,-20.5167,57.5167,68.61,73,29,13.27,MU,2022-08-05 00:49:24
328,Tsimlyansk,47.6461,42.1019,75.96,53,100,4.18,RU,2022-08-05 00:59:01
329,Charlestown,-32.95,151.6667,66.11,86,100,3.0,AU,2022-08-05 00:59:01
330,Madang,-5.2246,145.7966,83.62,76,100,3.8,PG,2022-08-05 00:59:01
331,Gao,16.6362,1.637,81.32,61,54,14.16,ML,2022-08-05 00:59:02
332,Jacareacanga,-6.2222,-57.7528,79.61,49,6,1.9,BR,2022-08-05 00:59:02
333,Palafrugell,41.9174,3.1631,76.42,53,0,3.0,ES,2022-08-05 00:59:02
334,Kikwit,-5.041,18.8162,80.26,34,62,1.95,CD,2022-08-05 00:59:03
335,Ecoporanga,-18.3733,-40.8306,64.78,86,94,2.15,BR,2022-08-05 00:59:03
336,Petrolia,42.8668,-82.1498,75.22,94,100,8.05,CA,2022-08-05 00:59:04
337,Gushikawa,26.3544,127.8686,85.62,79,20,3.44,JP,2022-08-05 00:59:04
338,Sumenep,-7.0167,113.8667,80.87,62,0,6.87,ID,2022-08-05 00:59:04
339,Puke,42.0444,19.8997,64.44,43,0,7.4,AL,2022-08-05 00:59:04
340,Vila Velha,-20.3297,-40.2925,73.35,74,0,11.5,BR,2022-08-05 00:59:05
341,Devils Lake,48.1128,-98.8651,84.31,66,0,7.0,US,2022-08-05 00:59:05
342,Abancay,-13.6339,-72.8814,56.77,81,30,4.07,PE,2022-08-05 00:59:05
343,Heishan,41.6892,122.1128,85.78,73,21,6.17,CN,2022-08-05 00:59:06
344,Seoul,37.5683,126.9778,85.39,84,75,5.75,KR,2022-08-05 00:56:12
345,Barao De Melgaco,-16.1944,-55.9675,79.11,29,4,4.14,BR,2022-08-05 00:59:06
346,Bethel,41.3712,-73.414,81.75,81,94,8.25,US,2022-08-05 00:57:49
347,Pahasu,28.1833,78.05,80.73,85,98,8.88,IN,2022-08-05 00:59:07
348,Mount Isa,-20.7333,139.5,83.97,34,75,14.97,AU,2022-08-05 00:49:28
349,Torbay,47.6666,-52.7314,68.77,77,40,10.36,CA,2022-08-05 00:59:07
350,Seminole,28.7086,-81.2081,86.2,77,0,8.79,US,2022-08-05 00:59:08
351,Leningradskiy,69.3833,178.4167,39.94,83,100,7.2,RU,2022-08-05 00:59:08
352,Beringovskiy,63.05,179.3167,60.76,57,100,4.38,RU,2022-08-05 00:59:09
353,Dollar,56.1624,-3.6714,50.5,87,14,5.55,GB,2022-08-05 00:59:09
354,Mizan Teferi,6.9833,35.5833,61.54,90,77,2.55,ET,2022-08-05 00:59:09
355,Saint George,37.1041,-113.5841,83.71,57,95,14.88,US,2022-08-05 00:57:55
356,Fergus Falls,46.283,-96.0776,78.78,57,0,12.66,US,2022-08-05 00:58:20
357,Yemtsa,63.0734,40.3329,58.01,84,38,6.4,RU,2022-08-05 00:59:10
358,Mogadishu,2.0371,45.3438,75.65,78,5,18.45,SO,2022-08-05 00:59:10
359,Negombo,7.2083,79.8358,78.85,83,75,8.05,LK,2022-08-05 00:59:10
360,Liverpool,53.4106,-2.9779,58.08,70,100,3.0,GB,2022-08-05 00:57:27
361,Sambava,-14.2667,50.1667,65.01,85,7,9.62,MG,2022-08-05 00:59:11
362,Lagunas,-5.2269,-75.6753,75.67,91,100,1.1,PE,2022-08-05 00:59:11
363,Opuwo,-18.0607,13.84,59.86,25,1,4.99,NA,2022-08-05 00:59:11
364,Neuquen,-38.9516,-68.0591,47.97,53,98,4.12,AR,2022-08-05 01:00:12
365,Antigonish,45.6169,-61.9986,75.81,79,76,3.0,CA,2022-08-05 01:00:13
366,Lashio,22.9333,97.75,71.44,98,100,1.3,MM,2022-08-05 01:00:14
367,Terney,45.0503,136.6092,69.35,99,100,5.57,RU,2022-08-05 01:00:16
368,Saint-Augustin,51.226,-58.6502,61.95,96,33,7.81,CA,2022-08-05 01:00:17
369,Sisimiut,66.9395,-53.6735,44.2,87,100,8.9,GL,2022-08-05 01:00:18
370,Harqalah,36.0303,10.509,78.66,73,0,4.61,TN,2022-08-05 01:00:19
371,Husavik,66.0449,-17.3389,43.07,85,84,6.58,IS,2022-08-05 01:00:20
372,Sobolevo,54.4299,31.8996,61.54,93,10,6.89,RU,2022-08-05 01:00:21
373,Kokuy,52.2037,117.5529,68.76,59,0,11.81,RU,2022-08-05 01:00:22
374,Gizo,-8.103,156.8419,84.7,64,34,2.39,SB,2022-08-05 01:00:23
375,Takoradi,4.8845,-1.7554,72.09,84,95,5.5,GH,2022-08-05 01:00:24
376,Cascioarele,44.1261,26.4697,76.51,67,0,4.0,RO,2022-08-05 01:00:26
377,Guangyuan,32.442,105.823,82.09,81,0,1.9,CN,2022-08-05 01:00:26
378,Pauini,-7.7136,-66.9764,73.35,95,100,0.72,BR,2022-08-05 01:00:27
379,Zhigansk,66.7697,123.3711,55.89,51,99,19.53,RU,2022-08-05 01:00:27
380,Saint Anthony,45.0205,-93.218,82.18,53,0,3.0,US,2022-08-05 01:00:28
381,Umarkhed,19.6,77.7,75.2,92,100,2.15,IN,2022-08-05 01:00:29
382,Loiza,18.4313,-65.8802,81.05,92,100,14.74,PR,2022-08-05 01:00:29
383,Orchard Homes,46.8633,-114.0484,86.27,20,56,7.0,US,2022-08-05 01:00:30
384,Ponta Delgada,37.7333,-25.6667,74.12,94,40,5.75,PT,2022-08-05 01:00:29
385,Havelock,34.8791,-76.9013,82.96,86,69,1.01,US,2022-08-05 01:00:07
386,Nyrany,49.7114,13.2119,68.99,63,94,1.01,CZ,2022-08-05 01:00:30
387,Bilma,18.6853,12.9164,91.87,36,6,7.72,NE,2022-08-05 01:00:31
388,Luau,-10.7073,22.2247,63.23,32,0,4.76,AO,2022-08-05 01:00:31
389,Pinheiro Machado,-31.5783,-53.3811,49.05,98,100,10.65,BR,2022-08-05 01:00:31
390,Kabansk,52.0486,106.6528,57.04,97,100,7.38,RU,2022-08-05 01:00:32
391,Salalah,17.0151,54.0924,77.23,93,83,3.71,OM,2022-08-05 01:00:32
392,Longyan,25.1072,117.0225,80.26,79,36,2.89,CN,2022-08-05 01:00:33
393,Nichinan,31.6,131.3667,87.28,64,39,5.44,JP,2022-08-05 01:00:33
394,Berlevag,70.8578,29.0864,57.0,87,15,6.91,NO,2022-08-05 01:00:34
395,Khandyga,62.6667,135.6,74.71,58,69,2.24,RU,2022-08-05 01:00:34
396,Ajdabiya,30.7554,20.2263,78.26,45,0,10.47,LY,2022-08-05 01:00:34
397,Castro,-24.7911,-50.0119,68.99,43,97,6.49,BR,2022-08-05 01:00:35
398,Batetskiy,58.6461,30.3027,58.98,82,13,3.27,RU,2022-08-05 00:56:47
399,Turan,16.0678,108.2208,85.98,66,20,2.3,VN,2022-08-05 01:00:35
400,Jussara,-23.6214,-52.4694,72.05,51,96,9.04,BR,2022-08-05 01:00:36
401,Sompeta,18.9333,84.6,81.57,77,100,2.62,IN,2022-08-05 01:00:36
402,Lata,40.1629,-8.3327,59.68,98,31,0.45,PT,2022-08-05 01:00:37
403,Honningsvag,70.9821,25.9704,53.35,82,20,4.61,NO,2022-08-05 01:00:37
404,Kununurra,-15.7667,128.7333,82.38,51,72,5.75,AU,2022-08-05 01:00:38
405,Shubarkuduk,49.1447,56.4872,67.73,43,0,9.44,KZ,2022-08-05 01:00:38
406,Shimoda,34.6667,138.95,72.1,84,100,12.28,JP,2022-08-05 01:00:39
407,Pisco,-13.7,-76.2167,62.65,77,100,10.36,PE,2022-08-05 00:57:36
408,Champerico,14.3,-91.9167,78.8,80,100,5.1,GT,2022-08-05 01:00:27
409,Assiniboia,49.6334,-105.9845,74.97,46,100,8.7,CA,2022-08-05 01:00:36
410,Touros,-5.1989,-35.4608,74.12,89,5,10.56,BR,2022-08-05 00:58:57
411,Springbok,-29.6643,17.8865,44.92,77,0,2.48,ZA,2022-08-05 01:01:39
412,Sao Filipe,14.8961,-24.4956,76.46,82,88,6.11,CV,2022-08-05 01:01:40
413,Longyearbyen,78.2186,15.6401,45.82,97,100,0.56,SJ,2022-08-05 01:01:33
414,Keti Bandar,24.1447,67.4497,81.25,84,64,11.18,PK,2022-08-05 01:01:40
415,Sarh,9.1429,18.3923,70.79,99,100,2.77,TD,2022-08-05 01:01:40
416,Lakes Entrance,-37.8811,147.981,65.16,54,5,8.28,AU,2022-08-05 01:01:40
417,Kokkola,63.8385,23.1307,62.92,90,0,6.91,FI,2022-08-05 01:01:41
418,Solvychegodsk,61.3305,46.9156,59.13,81,47,3.71,RU,2022-08-05 01:01:41
419,Westport,41.1415,-73.3579,82.74,84,54,1.01,US,2022-08-05 01:00:23
420,Khor,47.8861,134.9464,77.07,79,100,8.39,RU,2022-08-05 01:01:42
421,Malaut,30.2167,74.4833,82.81,81,87,6.2,IN,2022-08-05 01:01:42
422,Te Anau,-45.4167,167.7167,53.92,78,100,14.14,NZ,2022-08-05 01:01:42
423,Coahuayana,18.7333,-103.6833,83.64,78,58,3.91,MX,2022-08-05 01:01:42
424,Fairbanks,64.8378,-147.7164,75.92,47,56,3.78,US,2022-08-05 01:00:04
425,Glenwood Springs,39.5505,-107.3248,92.88,27,100,5.59,US,2022-08-05 01:01:43
426,Prince Rupert,54.3161,-130.3201,62.69,82,75,11.5,CA,2022-08-05 00:59:24
427,Husum,54.4858,9.0524,59.99,90,94,4.07,DE,2022-08-05 01:01:43
428,Marrakesh,31.6315,-8.0083,78.87,50,0,8.05,MA,2022-08-05 01:00:21
429,Richards Bay,-28.783,32.0377,64.08,83,63,7.63,ZA,2022-08-05 01:01:43
430,Itarema,-2.9248,-39.9167,76.84,83,3,11.45,BR,2022-08-05 01:01:44
431,Sovetskiy,61.3614,63.5842,62.38,66,49,4.41,RU,2022-08-05 01:01:44
432,Ko Samui,9.5357,99.9357,83.01,73,100,14.38,TH,2022-08-05 01:01:45
433,Vila Franca Do Campo,37.7167,-25.4333,73.81,93,35,4.56,PT,2022-08-05 01:01:45
434,Akureyri,65.6835,-18.0878,42.4,86,88,3.29,IS,2022-08-05 01:01:46
435,Sibu,2.3,111.8167,74.37,98,100,1.21,MY,2022-08-05 01:01:46
436,Eyrarbakki,63.863,-21.1481,45.21,78,64,5.53,IS,2022-08-05 01:01:46
437,Tanete,-3.9443,119.7848,80.04,73,94,7.76,ID,2022-08-05 01:01:47
438,Ramgarh,23.6333,85.5167,80.11,84,8,2.3,IN,2022-08-05 01:01:47
439,Dhaulpur,26.7,77.9,84.0,74,100,6.67,IN,2022-08-05 01:01:47
440,Sanary-Sur-Mer,43.1178,5.8001,76.87,74,0,7.52,FR,2022-08-05 01:01:48
441,Poitiers,46.5833,0.3333,72.01,64,0,8.05,FR,2022-08-05 01:01:48
442,Uthal,25.8072,66.6219,81.68,87,68,3.38,PK,2022-08-05 01:01:48
443,Salta,-24.7859,-65.4117,58.57,54,96,3.0,AR,2022-08-05 01:00:30
444,Quatre Cocos,-20.2078,57.7625,69.91,76,65,16.13,MU,2022-08-05 01:01:49
445,Aberdeen,57.1437,-2.0981,48.65,92,15,1.14,GB,2022-08-05 01:01:37
446,Yulara,-25.2406,130.9889,58.42,37,0,12.66,AU,2022-08-05 01:01:49
447,Grand Gaube,-20.0064,57.6608,70.2,79,30,5.99,MU,2022-08-05 01:01:50
448,Labuan,5.2767,115.2417,79.5,85,100,14.65,MY,2022-08-05 01:01:50
449,Iqaluit,63.7506,-68.5145,41.7,93,100,10.0,CA,2022-08-05 01:01:09
450,Phan Thiet,10.9333,108.1,82.6,74,93,10.87,VN,2022-08-05 00:57:54
451,Sitka,57.0531,-135.33,63.36,80,72,4.23,US,2022-08-05 01:01:50
452,Yinchuan,38.4681,106.2731,82.71,57,7,6.42,CN,2022-08-05 01:01:18
453,Broomfield,39.9205,-105.0866,95.56,23,40,6.91,US,2022-08-05 01:00:58
454,Shelburne,44.0787,-80.2041,71.76,88,100,5.35,CA,2022-08-05 01:01:50
455,Minot,48.2325,-101.2963,95.81,15,2,6.49,US,2022-08-05 00:59:09
456,Waren,53.5167,12.6833,67.6,87,94,5.46,DE,2022-08-05 01:01:51
457,Coquimbo,-29.9533,-71.3436,56.73,73,0,4.97,CL,2022-08-05 01:02:51
458,Catu,-12.3531,-38.3789,66.16,94,5,2.68,BR,2022-08-05 01:02:51
459,Pitkyaranta,61.5734,31.4792,60.37,87,23,6.44,RU,2022-08-05 01:02:52
460,Gat,31.61,34.7642,81.39,100,6,3.98,IL,2022-08-05 01:02:52
461,Port Keats,-14.25,129.55,81.68,56,94,6.49,AU,2022-08-05 01:02:52
462,Guiyang,26.5833,106.7167,76.42,76,8,5.66,CN,2022-08-05 01:02:53
463,Grand-Santi,4.25,-54.3833,76.5,83,99,2.73,GF,2022-08-05 01:02:53
464,Wad Rawah,15.1603,33.1397,84.42,52,98,10.18,SD,2022-08-05 01:02:53
465,Batemans Bay,-35.7167,150.1833,66.51,39,0,9.95,AU,2022-08-05 01:02:54
466,Adrar,20.5022,-10.0711,92.25,31,2,16.71,MR,2022-08-05 01:02:54
467,Bambanglipuro,-7.95,110.2833,77.05,76,9,3.44,ID,2022-08-05 01:02:54
468,Mackay,-21.15,149.2,79.68,82,0,5.75,AU,2022-08-05 01:02:55
469,Ust-Kuyga,70.0167,135.6,56.52,46,98,3.58,RU,2022-08-05 01:02:55
470,Asau,46.4333,26.4,65.32,81,0,4.83,RO,2022-08-05 01:02:55
471,Karratha,-20.7377,116.8463,67.24,36,0,13.94,AU,2022-08-05 01:02:56
472,Gberia Fotombu,9.8833,-11.1667,69.28,99,100,3.67,SL,2022-08-05 01:02:56
473,Dingle,10.9995,122.6711,77.4,90,100,1.12,PH,2022-08-05 01:02:56
474,Kontagora,10.3999,5.4695,70.07,95,63,4.29,NG,2022-08-05 01:02:57
475,Australind,-33.2667,115.7167,52.93,68,100,1.99,AU,2022-08-05 01:02:57
476,Sur,22.5667,59.5289,83.8,71,72,8.43,OM,2022-08-05 01:02:57
477,Buraydah,26.326,43.975,96.85,19,31,4.34,SA,2022-08-05 01:02:58
478,Kurumkan,54.3,110.3,66.04,61,45,3.27,RU,2022-08-05 01:02:58
479,Madera,37.1666,-119.8343,103.01,23,100,3.0,US,2022-08-05 01:02:58
480,Inongo,-1.95,18.2667,69.4,81,61,4.61,CD,2022-08-05 01:02:58
481,San Felipe,10.3399,-68.7425,72.32,99,80,3.51,VE,2022-08-05 01:02:59
482,Leova,46.4786,28.2553,67.71,71,6,5.55,MD,2022-08-05 01:02:59
483,Bafilo,9.35,1.2667,68.16,95,100,4.0,TG,2022-08-05 01:02:59
484,Karla,59.3723,24.9275,66.16,77,0,5.75,EE,2022-08-05 01:03:00
485,Jerantut,3.936,102.3626,76.75,88,93,0.65,MY,2022-08-05 01:03:00
486,Sereflikochisar,38.9393,33.5386,75.42,48,25,8.52,TR,2022-08-05 01:03:00
487,Vostok,46.4856,135.8833,79.56,58,100,2.59,RU,2022-08-05 01:03:00
488,Bredene,51.2334,2.9804,66.2,72,20,6.91,BE,2022-08-05 01:03:01
489,Crailsheim,49.1344,10.0719,75.78,47,16,4.45,DE,2022-08-05 01:03:01
490,Marawi,7.9986,124.2928,72.03,88,100,2.44,PH,2022-08-05 01:03:01
491,Da Lat,11.9465,108.4419,66.22,91,100,3.33,VN,2022-08-05 00:59:17
492,Pasighat,28.0667,95.3333,80.98,89,99,1.12,IN,2022-08-05 01:03:02
493,Kaspiyskiy,45.3929,47.3707,80.46,44,0,5.01,RU,2022-08-05 01:03:02
494,Ngunguru,-35.6167,174.5,58.78,71,0,8.25,NZ,2022-08-05 01:03:03
495,Ginir,7.1333,40.7,57.13,78,81,8.19,ET,2022-08-05 01:03:03
496,Oriximina,-1.7656,-55.8661,78.78,70,5,5.01,BR,2022-08-05 00:58:35
497,Frederick,39.4668,-77.3997,75.49,94,0,0.0,US,2022-08-05 01:01:23
498,Santa Cruz Del Norte,23.1539,-81.9236,81.59,76,74,11.74,CU,2022-08-05 01:03:03
499,Raga,8.4596,25.678,69.3,96,100,3.71,SS,2022-08-05 01:03:04
500,Byron Bay,-28.65,153.6167,72.95,66,1,11.81,AU,2022-08-05 00:58:12
501,Sao Mateus,-18.7161,-39.8589,68.76,79,90,5.7,BR,2022-08-05 01:00:32
502,Emba,48.8264,58.1442,68.31,43,11,9.95,KZ,2022-08-05 01:03:04
503,Mwinilunga,-11.7358,24.4293,55.85,52,0,3.87,ZM,2022-08-05 01:04:05
504,Metro,-5.1131,105.3067,76.64,87,100,4.34,ID,2022-08-05 01:04:05
505,Mabaruma,8.2,-59.7833,72.52,98,91,2.08,GY,2022-08-05 01:04:06
506,Mongoumba,3.6415,18.5936,70.7,97,100,1.97,CF,2022-08-05 01:04:06
507,Karaman,37.0833,33.25,71.67,57,0,4.29,TR,2022-08-05 01:04:06
508,Sovetskoye,52.2861,85.4131,56.77,69,4,6.08,RU,2022-08-05 01:04:07
509,Metu,8.3,35.5833,57.61,97,100,2.26,ET,2022-08-05 01:04:07
510,Pabrade,55.0,25.7833,58.24,86,11,3.62,LT,2022-08-05 01:04:08
511,Kharp,66.8014,65.8081,59.09,78,6,4.99,RU,2022-08-05 01:04:08
512,Camacha,33.0833,-16.3333,67.42,88,75,11.5,PT,2022-08-05 01:04:08
513,Lucera,41.5082,15.3351,75.6,50,0,1.54,IT,2022-08-05 01:04:09
514,Chifeng,42.2683,118.9636,83.39,49,0,5.55,CN,2022-08-05 01:04:09
515,Fort Nelson,58.8053,-122.7002,68.13,37,97,4.88,CA,2022-08-05 01:00:18
516,Vila,42.0304,-8.1588,59.88,84,40,5.84,PT,2022-08-05 01:04:09
517,Kirakira,-10.4544,161.9205,83.75,72,30,8.86,SB,2022-08-05 01:04:10
518,Chipoka,-13.9933,34.5157,70.12,52,26,5.08,MW,2022-08-05 01:04:10
519,Klaksvik,62.2266,-6.589,49.12,83,100,20.11,FO,2022-08-05 01:04:11
520,Ust-Tsilma,65.441,52.1498,58.82,73,100,6.17,RU,2022-08-05 01:04:11
521,Jinchang,38.4953,102.1739,79.29,49,0,2.17,CN,2022-08-05 01:04:11
522,Dunedin,-45.8742,170.5036,58.5,46,100,17.87,NZ,2022-08-05 01:00:12
523,Eau Claire,44.8114,-91.4985,79.18,59,0,8.05,US,2022-08-05 01:04:12
524,Clyde River,70.4692,-68.5914,38.8,90,100,4.81,CA,2022-08-05 01:03:19
525,Son La,21.3167,103.9,72.46,97,100,1.43,VN,2022-08-05 00:59:28
526,Ca Mau,9.1769,105.15,82.08,76,100,9.42,VN,2022-08-05 01:02:39
527,Arrecife,28.963,-13.5477,71.58,83,20,13.8,ES,2022-08-05 01:04:13
528,Sao Francisco,-15.9486,-44.8644,70.3,38,5,1.32,BR,2022-08-05 01:04:13
529,Alta Floresta,-9.8756,-56.0861,79.16,41,100,2.19,BR,2022-08-05 00:59:57
530,Mahanoro,-19.9,48.8,62.04,85,2,5.23,MG,2022-08-05 01:04:14
531,Daoukro,7.0591,-3.9631,68.25,98,100,2.95,CI,2022-08-05 01:04:14
532,Nanyang,32.9947,112.5328,89.69,63,0,10.02,CN,2022-08-05 01:04:15
533,San Quintin,30.4833,-115.95,73.44,77,0,15.55,MX,2022-08-05 01:04:15
534,Fare,-16.7,-151.0167,77.59,77,11,23.71,PF,2022-08-05 01:04:16
535,Solnechnyy,50.7214,136.6319,71.01,68,100,4.5,RU,2022-08-05 01:04:16
536,Swan Hill,-35.3378,143.5544,58.57,54,13,16.37,AU,2022-08-05 01:00:21
537,Broken Hill,-31.95,141.4333,58.57,40,0,21.5,AU,2022-08-05 01:02:41
538,Bijawar,24.6333,79.5,78.96,87,98,1.7,IN,2022-08-05 01:04:17
539,Jijiga,9.35,42.8,60.78,79,100,20.09,ET,2022-08-05 01:01:59
540,Morant Bay,17.8815,-76.4093,81.72,81,62,10.4,JM,2022-08-05 01:04:17
541,Myaundzha,63.0494,147.1858,61.02,84,100,4.83,RU,2022-08-05 01:04:18
542,Iaciara,-14.0958,-46.6317,72.99,36,0,2.68,BR,2022-08-05 01:04:18
543,Thinadhoo,0.5333,72.9333,81.25,66,100,13.29,MV,2022-08-05 01:04:19
544,Ayan,56.45,138.1667,56.03,98,100,11.5,RU,2022-08-05 01:04:19
545,Tukums,56.9669,23.1553,60.15,88,33,6.42,LV,2022-08-05 01:04:19
546,Novobelokatay,55.7062,58.9549,55.54,84,0,1.39,RU,2022-08-05 01:04:20
547,Shizunai,42.3339,142.3669,66.7,75,29,7.16,JP,2022-08-05 01:04:20
548,Santa Marta,11.2408,-74.199,79.92,85,97,12.73,CO,2022-08-05 01:01:04
549,West Bay,19.3667,-81.4167,84.07,77,100,1.99,KY,2022-08-05 01:05:21
550,Mirador,-6.3708,-44.3631,74.97,72,11,5.77,BR,2022-08-05 01:05:21
551,Usinsk,65.9939,57.5281,57.45,64,100,9.66,RU,2022-08-05 01:05:22
552,Kalachinsk,55.0529,74.5751,59.22,73,0,4.68,RU,2022-08-05 01:05:22
553,Baykit,61.67,96.37,45.63,90,100,3.65,RU,2022-08-05 01:05:23
554,Waingapu,-9.6567,120.2641,78.42,57,6,4.63,ID,2022-08-05 01:05:23
555,Kavaratti,10.5669,72.642,79.32,84,100,28.36,IN,2022-08-05 01:05:24
556,Yerbogachen,61.2767,108.0108,59.11,73,100,3.51,RU,2022-08-05 01:05:24
557,Macae,-22.3708,-41.7869,69.48,83,100,13.35,BR,2022-08-05 01:05:25
558,Weihe,32.9952,105.3247,76.95,75,0,2.62,CN,2022-08-05 01:05:25
559,Podyuga,61.095,40.8647,58.12,85,100,4.29,RU,2022-08-05 01:05:25
560,Qostanay,53.1667,63.5833,59.29,77,0,6.71,KZ,2022-08-05 01:05:26
561,Doha,25.2867,51.5333,93.18,75,10,9.22,QA,2022-08-05 01:05:26
562,Nova Olinda Do Norte,-3.8881,-59.0942,79.23,68,42,2.75,BR,2022-08-05 01:05:26
563,Chernyshevskiy,63.0128,112.4714,50.9,86,100,5.99,RU,2022-08-05 01:05:27
564,Solton,52.8429,86.4787,54.9,78,0,5.86,RU,2022-08-05 01:05:27
565,Bosaso,11.2842,49.1816,87.73,44,1,19.48,SO,2022-08-05 01:05:27
566,Matelandia,-25.2408,-53.9964,58.6,96,100,6.93,BR,2022-08-05 01:05:28
567,Bang Saphan,11.2126,99.5117,79.25,86,100,4.59,TH,2022-08-05 01:05:28
568,Tiassale,5.8983,-4.8283,69.46,93,98,2.89,CI,2022-08-05 01:05:28
569,Belyy Yar,53.6039,91.3903,58.89,63,0,2.24,RU,2022-08-05 01:05:29
570,Bontang,0.1333,117.5,78.28,87,100,9.08,ID,2022-08-05 01:05:29
571,Srivardhan,18.0333,73.0167,78.84,89,100,5.44,IN,2022-08-05 01:05:29
572,Vanimo,-2.6741,141.3028,82.8,75,100,4.9,PG,2022-08-05 01:05:30
573,Guiratinga,-16.3494,-53.7583,72.59,35,92,0.83,BR,2022-08-05 01:05:30
